<?xml version="1.0" encoding="UTF-8"?>
<configuration>
  <property name="LOG_DIRECTORY" value="/prodlib/PIBSGOF/microservices/common-services/logs"/>
  <appender name="console" class="ch.qos.logback.core.ConsoleAppender">
    <encoder>
      <pattern>%d{HH:mm:ss.SSS} [%thread] %-5level %logger{36} - %msg%n</pattern>
    </encoder>
  </appender>

  <appender name="file"
    class="ch.qos.logback.core.rolling.RollingFileAppender">
    <file>${LOG_DIRECTORY}/debug.log</file>
    <encoder class="ch.qos.logback.classic.encoder.PatternLayoutEncoder">
      <Pattern>
        %d{yyyy-MM-dd HH:mm:ss} - %msg%n
      </Pattern>
    </encoder>

    <rollingPolicy class="ch.qos.logback.core.rolling.TimeBasedRollingPolicy">
      <!-- rollover daily -->
      <fileNamePattern>${LOG_DIRECTORY}/archived/debug.%d{yyyy-MM-dd}.%i.log</fileNamePattern>
      <timeBasedFileNamingAndTriggeringPolicy
        class="ch.qos.logback.core.rolling.SizeAndTimeBasedFNATP">
        <maxFileSize>10MB</maxFileSize>
      </timeBasedFileNamingAndTriggeringPolicy>
    </rollingPolicy>
  </appender>

  <root level="info">
    <appender-ref ref="console" />
    <appender-ref ref="file" />
  </root>

</configuration>