{
  "1": {
    "content" : ["You have <b>UNI${1}</b> available. <br><br>You can do a full or partial redemption of your <b>${2}</b> transaction spent on your credit card ending with <b>{3}.</b>"],
    "fullRedeemContent" : ["You have <b>UNI${1}</b> available. <br><br>You can do a full redemption of your <b>${2}</b> transaction spent on your credit card ending with <b>{3}.</b>"],
    "partialRedeemContent" : ["You have <b>UNI${1}</b> available. <br><br>You can do a partial redemption of your <b>${2}</b> transaction spent on your credit card ending with <b>{3}.</b>"],
    "value": [3],
    "inputContent": [
        {"type" : "chip/slider", "key": 1, "hasCondtition": 0,  "textDisplay": "", "min": 0, "max": 0, "isSave" : true, "saveName": "redeemValue",
          "sliderText": {
            "redeemptionQuestion" : "How much would you like to redeem?",
            "available": "Available",
            "redeem": "Redeem",
            "remaining": "Remaining",
            "amountRedeem": "Amount to be credited to card"
          }
        }
    ],
    "input": [
      {"text": "Redeem now", "isConfirm": true,  "displayFooter": true, "type" : "chip/button", "key": 1,"nextStep": "subStep1", "textDisplay":"", "saveName": "input", "value": "inputConfirm", "isSave" : true }
    ],
    "inputConfirm": [
      {"text": "No", "isConfirm": false,  "displayFooter": false, "type" : "chip/button", "key": 1,"nextStep": "subStep2", "textDisplay":"",  "saveName": "input", "value": "input", "isSave" : true, "delay": 200 },
      {"text": "Confirm", "isConfirm": true,  "displayFooter": true, "type" : "chip/button", "key": 0, "nextStep": "subStep1", "textDisplay":"", "isRequestServer": true, "delay": 0 }
     
    ],
    "footer": { 
      "defaultDisplay": false,
      "title" : "Redeem it !",
      "redeem": "Redeem ${1} with UNI${2}?",
      "termCondition": "By clicking “Confirm”, you agree to the <a href='/cc/tnc/UOB_Pay_with_UNI$_Terms_and_Conditions.pdf' target='_blank'>Terms and Conditions.</a>"
    },
    "nextStep" : {
      "subStep1" : 1,
      "subStep2": 3
    }
  }
}