{
  "security": {
    "title" : " | Pay With UNI$",
    "tip": "Security Tips from UOB",
    "info": "There has been a recent spate of phishing scam targeting banks’ customers. It is important to remain vigilant and be suspicious of all unsolicited messages you receive.",
    "line_one": "<span>1.</span><span>Be alert. </span>Verify that you are on an official UOB website by clicking on the “padlock” icon in the address bar and checking that the certificate is issued to forms.uob.com.sg.",
    "line_two": "<span>2.</span><span>Be extra careful of unsolicited messages.</span> Make sure that the SMS comes from UOB. Do not click on any links from unknown and suspicious messages.",
    "line_three": "<span>3.</span><span>Protect your device.</span> Always use a mobile device or computer that you trust. Update your device to the latest version so that it carries new security and bug fixes.",
    "agree": "Proceed"
  },

  "complete": {
    "remaining": "Remaining",
    "redeemed": "Redeemed",
    "uni": "UNI$",
    "dateProcessed": "Date Processed:",
    "thankYou": "Thank you!",
	"transactionLine1": "Your UNI$ redemption is successful! S${1} will be credited to your UOB Card and this will be reflected in your next statement.",
    "transactionLine2": "You have UNI${1} remaining. ",
    "expired": "This will be credited to you within 3 working days and reflected in your next statement.",
    "reward": "Visit UOB Rewards to find out more about other rewards redemption options.",
    "rewardBtn": "Go to UOB Rewards",
    "linkReward": "https://pib.uob.com.sg/Rewards",
    "linkCard": "https://www.uob.com.sg/credit-cards/all-cards.html?ms=pweb-cards-home",
    "banner": "images/banner/thankyou.jpg",
    "termAndCondition": "Terms and Conditions apply"
  },

  "redeem": {
    "titleHeader": " | Pay with UNI$",
    "greeting": "Greetings!" 
  },

  "error":{
    "400": {
      "title": "Error",
      "text": "Service is not available at this moment. You can try again later."
    },
    "4041": {
      "title": "Error",
      "text": "Service is not available at this moment. You can try again later."
    },
    "404": {
      "title": "Error",
      "text": "Service is not available at this moment. You can try again later."
    },
    "500": {
      "title": "Error",
      "text": "Service is not available at this moment. You can try again later."
    },
    "403": {
      "title": "Error",
      "text": "You have not used the site for a while. For your security, your connection will close if there is no activity."
    },
    "8002": {
      "title": "Offer expired",
      "text": "The offer which you are looking for has expired. Please visit uob.com.sg/rewards for other rewards redemption options. (Response Code: 8002)"
    },
    "8003": {
      "title": "Offer redeemed",
      "text": "The offer which you are looking for has already been redeemed. Please visit uob.com.sg/rewards for other rewards redemption options. (Response Code: 8003)"
    },
    "0004": {
      "title": "Offer invalid",
      "text": "I am sorry we are unable to proceed with your request as your card is invalid or inactive. (Response Code: 0004)"
    },
    "4007": {
      "title": "Offer invalid",
      "text": "I am sorry we are unable to proceed with your request as your card is invalid or inactive. (Response Code: 4007)"
    },
    "8004": {
      "title": "Offer invalid",
      "text": "I am sorry we are unable to proceed with your request as your card is invalid or inactive. (Response Code: 8004)"
    },
    "4000": {
      "title": "Offer insufficient",
      "text": "I am sorry we are unable to proceed with your request as you have insufficient UNI$. (Response Code: 4000)"
    },
    "8001": {
      "title": "Error",
      "text": "I am sorry we are unable to proceed with your request. For assistance, please contact our call centre at 1800 222 2121. (Response Code: 8001)"
    },
    "8005": {
      "title": "Error",
      "text": "I am sorry we are unable to proceed with your request. For assistance, please contact our call centre at 1800 222 2121. (Response Code: 8005)"
    },
    "8006": {
      "title": "Error",
      "text": "I am sorry we are unable to proceed with your request. For assistance, please contact our call centre at 1800 222 2121. (Response Code: 8006)"
    },
    "8007": {
      "title": "Error",
      "text": "I am sorry we are unable to proceed with your request. For assistance, please contact our call centre at 1800 222 2121. (Response Code: 8007)"
    },
    "9999": {
      "title": "Error",
      "text": "I am sorry we are unable to proceed with your request. For assistance, please contact our call centre at 1800 222 2121. (Response Code: 9999)"
    },
    "footerLink": "Visit UOB Rewards to redeem from a wide selection of shopping and dining vouchers, air miles and more."
  }
}