{
    "date": "20190408",
    "time": "180504",
    "cardNumber": "1163",
    "offerReferenceNo": "000782163a",
    "offerDescription": "Catch All",
    "redeemBlockSize": "10.00",
    "redeemBlockValue": "10",
    "minRedeemBlock": "1",
    "maxRedeemBlock": "1000",
    "transactionAmount": "61.00",
    "maxRedeemPoints": "3000.00",
    "maxNbrRedeemBlocks": "30",
    "maxRedeemValue": "30",
    "fullRedeemPoints": "0.00",
    "fullRedeemValue": "0.00",
    "balance": null,
    "poolId": "UNI",
    "poolDescription": "UNI$",
    "poolBalance": "3022.00",
    "responseCode": "0000"
  }