{
    "msgCode":"BL11",
    "msgSeqNo":"685",
    "date":"20181218",
    "time":"110602",
    "cardNumber":"4265884060000030",
    "cardType":"001846",
    "offerReferenceNo":"0008813eeb",
    "offerDescription":"Offer Test 01",
    "redeemBlockSize":"500.00",
    "redeemBlockValue":"5.00",
    "minRedeemBlock":0,
    "maxRedeemBlock":0,
    "transactionAmount":"102.5",
    "maxRedeemPoints":"0",
    "maxNbrRedeemBlocks":0,
    "maxRedeemValue":0.00,
    "fullRedeemPoints":7500.00,
    "fullRedeemValue":102.50,
    "poolId":"UNI",
    "poolDescription":"UNI$",
    "poolBalance":"95000.00",
    "responseCode":"0000"
  }