{
  "date": "20190502",
  "time": "170951",
  "cardNumber": "0468",
  "offerReferenceNo": "0008911f9e",
  "offerDescription": "Catch All",
  "redeemBlockSize": "100.00",
  "redeemBlockValue": "0.10",
  "minRedeemBlock": "10",
  "maxRedeemBlock": "999999999999",
  "transactionAmount": "95.22",
  "maxRedeemPoints": "95200.00",
  "maxNbrRedeemBlocks": "952",
  "maxRedeemValue": "95.20",
  "fullRedeemPoints": "95300.00",
  "fullRedeemValue": "95.22",
  "balance": null,
  "poolId": "UNI",
  "poolDescription": "UNI$",
  "poolBalance": "14581409.00",
  "responseCode": "0000"
}