{
    "1": {
      "content" : ["You have <b>UNI${1}</b> available. <br><br>You can do a full redeemption or partial redeemption of your <b>${2}</b> transaction spent on your credit card ending with <b>{3}.</b>"],
      "value": [3],
      "inputContent": [
          {"type" : "chip/slider", "key": 1, "hasCondtition": 0,  "textDisplay": "", "min": 0, "max": 0, "isSave" : true, "saveName": "redeemValue",
            "sliderText": {
              "redeemptionQuestion" : "How much would you like to redeem?",
              "available": "Available",
              "redeem": "Redeem",
              "remaining": "Remaining",
              "amountRedeem": "Amount to be Credited to Card"
            }
          }
      ],
      "input": [
        {"text": "Redeem now", "isConfirm": true,  "displayFooter": true, "type" : "chip/button", "key": 1,"nextStep": "subStep1", "textDisplay":"", "saveName": "input", "value": "inputConfirm", "isSave" : true }
      ],
      "inputConfirm": [
        {"text": "No", "isConfirm": false,  "displayFooter": false, "type" : "chip/button", "key": 1,"nextStep": "subStep2", "textDisplay":"",  "saveName": "input", "value": "input", "isSave" : true },
        {"text": "Confirm", "isConfirm": true,  "displayFooter": true, "type" : "chip/button", "key": 0, "nextStep": "subStep1", "textDisplay":"", "isRequestServer": true }
       
      ],
      "footer": { 
        "defaultDisplay": false,
        "title" : "Redeem it !",
        "redeem": "Redeem S${1} with UNI${2}?",
        "termCondition": "By clicking “Confirm”, you agree to the <a>Terms and Conditions.</a>"
      },
      "nextStep" : {
        "subStep1" : 1,
        "subStep2": 3
      }
    }
  }