{
    "security": {
      "title" : "And so it begins with some important instructions.",
      "agree": "I agree to proceed"
    },

    "complete": {
      "remaining" : "Remaining",
      "uni": "UNI$",
      "dateProcessed": "Date Processed:",
      "thankYou": "Thank you!",
      "transaction": "You have used UNI${1} to redeem S${2} of your transaction. ",
      "expired": "This will be credited to you within 3 working days and reflected in your next statement.",
      "reward": "Visit UOB Rewards to redeem from a wide selection of shopping and dining vouchers, air miles and more!",
      "rewardBtn": "Go to UOB Rewards"
    },

    "redeem": {
      "titleHeader": " | Pay with UNI$",
      "greeting": "Greetings!" 
    },

    "error":{
      "404": "Service is not available at this moment. You can try again later.",
      "500": "Service is not available at this moment. You can try again later.",
      "400": "Service is not available at this moment. You can try again later.",
      "403": "You have not used the site for a while. For your security, your connection will close if there is no activity.",
      "8002": "I am sorry we are unable to proceed with your request. The offer may have expired or redeemed. (Response Code: 8002)",
      "8003": "I am sorry we are unable to proceed with your request. The offer may have expired or redeemed. (Response Code: 8003)",
      "0004": "I am sorry we are unable to proceed with your request as your card is invalid or inactive. (Response Code: 0004)",
      "4007": "I am sorry we are unable to proceed with your request as your card is invalid or inactive. (Response Code: 4007)",
      "8004": "I am sorry we are unable to proceed with your request as your card is invalid or inactive. (Response Code: 8004)",
      "4000": "I am sorry we are unable to proceed with your request as you have insufficient UNI$. (Response Code: 4000)",
      "8001": "I am sorry we are unable to proceed with your request. For assistance, please contact our call centre at 1800 222 2121. (Response Code: 8001)",
      "8005": "I am sorry we are unable to proceed with your request. For assistance, please contact our call centre at 1800 222 2121. (Response Code: 8005)",
      "8006": "I am sorry we are unable to proceed with your request. For assistance, please contact our call centre at 1800 222 2121. (Response Code: 8006)",
      "8007": "I am sorry we are unable to proceed with your request. For assistance, please contact our call centre at 1800 222 2121. (Response Code: 8007)",
      "9999": "I am sorry we are unable to proceed with your request. For assistance, please contact our call centre at 1800 222 2121. (Response Code: 9999)"
    }
  }