{
	"referenceNumber": "{$.ApplicationReferenceNumber}",
	"id": "{$.ApplicationId}",
	"sourceType": "{$.TrackingCode}",
	"status": "{$.ApplicationStatus}",
	"entity": {
		"basicProfile": {
			"uen": "{$.CompanyDetails.BusinessDetails.BusinessRegistrationNo}",
			"entityName": "{$.CompanyDetails.BusinessDetails.RegisteredBusinessName}",
			"entityType": "{$.CompanyDetails.BusinessDetails.EntityType}",
			"companyType": null,
			"businessConstitution": null,
			"entityStatus": "{$.CompanyDetails.BusinessDetails.BusinessStatus}",
			"ownership": "{$.CompanyDetails.BusinessDetails.BusinessOwnership}",
			"registrationDate": "{$.CompanyDetails.BusinessDetails.DateOfIncorporation}",
			"primaryActivityCode": null,
			"primaryActivityDesc": "{$.CompanyDetails.BusinessDetails.PrimaryBusinessActivity}",
			"secondaryActivityCode": null,
			"secondaryActivityDesc": "{$.CompanyDetails.BusinessDetails.SecondaryBusinessActivity}",
			"countryOfIncorporation": "{$.CompanyDetails.BusinessDetails.CountryOfIncorporation}",
			"businessExpiryDate": "{$.CompanyDetails.BusinessDetails.BusinessExpiryDate}"
		},
		"previousNames": [
			{
				"_length": "{$.CompanyDetails.EntityDetails.PreviousBusinessDetails.length()}",
				"historyName": "{$.CompanyDetails.EntityDetails.PreviousBusinessDetails[index].CompanyName}",
				"historyNameEffectiveDate": "{$.CompanyDetails.EntityDetails.PreviousBusinessDetails[index].EffectiveDate}"
			}
		],
		"previousUens": [
			{
				"_length": "{$.CompanyDetails.EntityDetails.PreviousBusinessDetails.length()}",
				"previousUen": "{$.CompanyDetails.EntityDetails.PreviousBusinessDetails[index].BusinessRegistrationNo}"
			}
		],
		"addresses": [
			{
				"_length": "{$.CompanyDetails.BusinessDetails.CompanyAddressList.length()}",
				"_condition": "{$.CompanyDetails.BusinessDetails.CompanyAddressList[index][?(@.PostalCode != null)]}",
				"format": "{$.CompanyDetails.BusinessDetails.CompanyAddressList[index].AddressFormat}",
				"type": "{$.CompanyDetails.BusinessDetails.CompanyAddressList[index].AddressType}",
				"standard": null,
				"unitNo": "{$.CompanyDetails.BusinessDetails.CompanyAddressList[index].UnitNo}",
				"street": "{$.CompanyDetails.BusinessDetails.CompanyAddressList[index].StreetName}",
				"block": "{$.CompanyDetails.BusinessDetails.CompanyAddressList[index].Block}",
				"postalCode": "{$.CompanyDetails.BusinessDetails.CompanyAddressList[index].PostalCode}",
				"floor": "{$.CompanyDetails.BusinessDetails.CompanyAddressList[index].Floor}",
				"building": "{$.CompanyDetails.BusinessDetails.CompanyAddressList[index].BuildingName}",
				"city": "{$.CompanyDetails.BusinessDetails.CompanyAddressList[index].City}",
				"country": "{$.CompanyDetails.BusinessDetails.CompanyAddressList[index].Country}",
				"line1": "{$.CompanyDetails.BusinessDetails.CompanyAddressList[index].AddressLine1}",
				"line2": "{$.CompanyDetails.BusinessDetails.CompanyAddressList[index].AddressLine2}",
				"line3": "{$.CompanyDetails.BusinessDetails.CompanyAddressList[index].AddressLine3}",
				"line4": "{$.CompanyDetails.BusinessDetails.CompanyAddressList[index].AddressLine4}"
			}
		],
		"financials": [
			{
				"_length": "{$.CompanyDetails.EntityDetails.FinancialDetails.length()}",
				"currentPeriodStartDate": "{$.CompanyDetails.EntityDetails.FinancialDetails[index].FYStartDate}",
				"currentPeriodEndDate": "{$.CompanyDetails.EntityDetails.FinancialDetails[index].FYEndDate}",
				"isAudited": "{$.CompanyDetails.EntityDetails.FinancialDetails[index].IsAudited}",
				"currency": "{$.CompanyDetails.EntityDetails.FinancialDetails[index].Currency}",
				"companyRevenue": "{$.CompanyDetails.EntityDetails.FinancialDetails[index].BusinessRevenue}",
				"companyProfitLossBeforeTax": "{$.CompanyDetails.EntityDetails.FinancialDetails[index].BusinessProfitLossBeforeTax}",
				"companyProfitLossAfterTax": "{$.CompanyDetails.EntityDetails.FinancialDetails[index].BusinessProfitLossAfterTax}",
				"groupRevenue": "{$.CompanyDetails.EntityDetails.FinancialDetails[index].GroupRevenue}",
				"groupCapitalPaidUpCapitalAmount": "{$.CompanyDetails.EntityDetails.FinancialDetails[index].GroupCapitalPaidUpCapitalAmount}",
				"groupProfitLossBeforeTax": "{$.CompanyDetails.EntityDetails.FinancialDetails[index].GroupProfitLossBeforeTax}",
				"groupProfitLossAfterTax": "{$.CompanyDetails.EntityDetails.FinancialDetails[index].GroupProfitLossAfterTax}"
			}
		],
		"capitals": [
			{
				"_length": "{$.CompanyDetails.EntityDetails.BusinessCapitalDetails.length()}",
				"capitalType": "{$.CompanyDetails.EntityDetails.BusinessCapitalDetails[index].BusinessType}",
				"shareAllottedAmount": "{$.CompanyDetails.EntityDetails.BusinessCapitalDetails[index].SharedAllottedAmount}",
				"issuedCapitalAmount": "{$.CompanyDetails.EntityDetails.BusinessCapitalDetails[index][?(@.Category == 'Issued')].CapitalAmount}",
				"paidUpCapitalAmount": "{$.CompanyDetails.EntityDetails.BusinessCapitalDetails[index][?(@.Category == 'Paidup')].CapitalAmount}",
				"currency": "{$.CompanyDetails.EntityDetails.BusinessCapitalDetails[index].Currency}"
			}
		],
		"appointments": [
			{
				"_context": "{$..PersonalDetails[?(@.Positions[?(@.PositionType == 'C')] != [])]}",
				"_length": "{$.length()}",
				"_condition": "{$.[index][?(@.Type == 'Individual')]}",
				"category": "{$.[index].Category}",
				"positionCode": "C",
				"positionDesc": "Secretary",
				"appointmentDate": "{$.[index].AppointmentDate}",
				"personReference": {
					"idno": "{$.[index].IdNo}",
					"personName": "{$.[index].Name}",
					"nationality": "{$.[index].CountryOfCitizenship}"
				}
			},
			{
				"_context": "{$..PersonalDetails[?(@.Positions[?(@.PositionType == 'C')] != [])]}",
				"_length": "{$.length()}",
				"_condition": "{$.[index][?(@.Type == 'Non-Individual')]}",
				"category": "{$.[index].Category}",
				"positionCode": "C",
				"positionDesc": "Secretary",
				"appointmentDate": "{$.[index].AppointmentDate}",
				"entityReference": {
					"uen": "{$.[index].IdNo}",
					"entityName": "{$.[index].Name}",
					"entityType": null
				}
			},
			{
				"_context": "{$..PersonalDetails[?(@.Positions[?(@.PositionType == 'D')] != [])]}",
				"_length": "{$.length()}",
				"_condition": "{$.[index][?(@.Type == 'Individual')]}",
				"category": "{$.[index].Category}",
				"positionCode": "D",
				"positionDesc": "Director",
				"appointmentDate": "{$.[index].AppointmentDate}",
				"personReference": {
					"idno": "{$.[index].IdNo}",
					"personName": "{$.[index].Name}",
					"nationality": "{$.[index].CountryOfCitizenship}"
				}
			},
			{
				"_context": "{$..PersonalDetails[?(@.Positions[?(@.PositionType == 'D')] != [])]}",
				"_length": "{$.length()}",
				"_condition": "{$.[index][?(@.Type == 'Non-Individual')]}",
				"category": "{$.[index].Category}",
				"positionCode": "D",
				"positionDesc": "Director",
				"appointmentDate": "{$.[index].AppointmentDate}",
				"entityReference": {
					"uen": "{$.[index].IdNo}",
					"entityName": "{$.[index].Name}",
					"entityType": null
				}
			},
			{
				"_context": "{$..PersonalDetails[?(@.Positions[?(@.PositionType == 'O')] != [])]}",
				"_length": "{$.length()}",
				"_condition": "{$.[index][?(@.Type == 'Individual')]}",
				"category": "{$.[index].Category}",
				"positionCode": "O",
				"positionDesc": "Others",
				"appointmentDate": "{$.[index].AppointmentDate}",
				"personReference": {
					"idno": "{$.[index].IdNo}",
					"personName": "{$.[index].Name}",
					"nationality": "{$.[index].CountryOfCitizenship}"
				}
			},
			{
				"_context": "{$..PersonalDetails[?(@.Positions[?(@.PositionType == 'O')] != [])]}",
				"_length": "{$.length()}",
				"_condition": "{$.[index][?(@.Type == 'Non-Individual')]}",
				"category": "{$.[index].Category}",
				"positionCode": "O",
				"positionDesc": "Others",
				"appointmentDate": "{$.[index].AppointmentDate}",
				"entityReference": {
					"uen": "{$.[index].IdNo}",
					"entityName": "{$.[index].Name}",
					"entityType": null
				}
			},
			{
				"_context": "{$..PersonalDetails[?(@.Positions[?(@.PositionType == 'P')] != [])]}",
				"_length": "{$.length()}",
				"_condition": "{$.[index][?(@.Type == 'Individual')]}",
				"category": "{$.[index].Category}",
				"positionCode": "P",
				"positionDesc": "Partners",
				"appointmentDate": "{$.[index].AppointmentDate}",
				"personReference": {
					"idno": "{$.[index].IdNo}",
					"personName": "{$.[index].Name}",
					"nationality": "{$.[index].CountryOfCitizenship}"
				}
			},
			{
				"_context": "{$..PersonalDetails[?(@.Positions[?(@.PositionType == 'P')] != [])]}",
				"_length": "{$.length()}",
				"_condition": "{$.[index][?(@.Type == 'Non-Individual')]}",
				"category": "{$.[index].Category}",
				"positionCode": "P",
				"positionDesc": "Partners",
				"appointmentDate": "{$.[index].AppointmentDate}",
				"entityReference": {
					"uen": "{$.[index].IdNo}",
					"entityName": "{$.[index].Name}",
					"entityType": null
				}
			},
			{
				"_context": "{$..PersonalDetails[?(@.Positions[?(@.PositionType == 'SP')] != [])]}",
				"_length": "{$.length()}",
				"_condition": "{$.[index][?(@.Type == 'Individual')]}",
				"category": "{$.[index].Category}",
				"positionCode": "D",
				"positionDesc": "Director",
				"appointmentDate": "{$.[index].AppointmentDate}",
				"personReference": {
					"idno": "{$.[index].IdNo}",
					"personName": "{$.[index].Name}",
					"nationality": "{$.[index].CountryOfCitizenship}"
				}
			},
			{
				"_context": "{$..PersonalDetails[?(@.Positions[?(@.PositionType == 'SP')] != [])]}",
				"_length": "{$.length()}",
				"_condition": "{$.[index][?(@.Type == 'Non-Individual')]}",
				"category": "{$.[index].Category}",
				"positionCode": "D",
				"positionDesc": "Director",
				"appointmentDate": "{$.[index].AppointmentDate}",
				"entityReference": {
					"uen": "{$.[index].IdNo}",
					"entityName": "{$.[index].Name}",
					"entityType": null
				}
			}
		],
		"shareholders": [
			{
				"_context": "{$..PersonalDetails[?(@.Positions[?(@.PositionType == 'S')] != [])]}",
				"_length": "{$.length()}",
				"_condition": "{$.[index][?(@.Type == 'Individual')]}",
				"category": "{$.[index].Category}",
				"shareType": "{$.[index].ShareType}",
				"allocation": "{$.[index].Allocation}",
				"currency": "{$.[index].Currency}",
				"personReference": {
					"idno": "{$.[index].IdNo}",
					"personName": "{$.[index].Name}",
					"nationality": "{$.[index].CountryOfCitizenship}"
				}
			},
			{
				"_context": "{$..PersonalDetails[?(@.Positions[?(@.PositionType == 'S')] != [])]}",
				"_length": "{$.length()}",
				"_condition": "{$.[index][?(@.Type == 'Non-Individual')]}",
				"category": "{$.[index].Category}",
				"shareType": "{$.[index].ShareType}",
				"allocation": "{$.[index].Allocation}",
				"currency": "{$.[index].Currency}",
				"entityReference": {
					"uen": "{$.[index].IdNo}",
					"entityName": "{$.[index].Name}",
					"entityType": null
				}
			}
		],
		"grants": [
			{
				"_length": "{$.CompanyDetails.EntityDetails.Grants.length()}",
				"grantType": "{$.CompanyDetails.EntityDetails.Grants[index].GrantsType}",
				"grantStatus": "{$.CompanyDetails.EntityDetails.Grants[index].Status}",
				"functionalArea": "{$.CompanyDetails.EntityDetails.Grants[index].FunctionalArea}",
				"developmentCategory": "{$.CompanyDetails.EntityDetails.Grants[index].DevelopmentCategory}",
				"approvedAmount": "{$.CompanyDetails.EntityDetails.Grants[index].Amount}",
				"submittedDate": "{$.CompanyDetails.EntityDetails.Grants[index].SubmittedDate}",
				"lastUpdatedDate": "{$.CompanyDetails.EntityDetails.Grants[index].LastUpdatedDate}"
			}
		]
	},
	"isKeymanApply": true,
	"additionalAppointment": [
		{
			"_context": "{$..PersonalDetails[?(@.Positions[?(@.PositionType == 'G')] != [])]}",
			"_length": "{$.length()}",
			"name": "{$.[index].Name}",
			"legalId": "{$.[index].IdNo}",
			"emailAddress": "{$.[index].Email}",
			"mobileNumber": "{$.[index].ContactNo}"
		}
	],
	"person": [
		{
			"_length": "{$.PrincipalList.length()}",
			"basicInfo": {
				"legalId": "{$.PrincipalList[index].PersonalDetails.IdNo}",
				"alternateNames": {
					"hanYuPinYinName": "{$.PrincipalList[index].PersonalDetails.HanYuPinYinName}",
					"hanYuPinYinAliasName": "{$.PrincipalList[index].PersonalDetails.HanYuPinYinAliasName}",
					"marriedName": "{$.PrincipalList[index].PersonalDetails.MarriedName}",
					"alias": "{$.PrincipalList[index].PersonalDetails.Alias}"
				},
				"residentialStatus": "{$.PrincipalList[index].PersonalDetails.ResidentialStatus}",
				"principalName": "{$.PrincipalList[index].PersonalDetails.Name}",
				"emailAddress": "{$.PrincipalList[index].PersonalDetails.Email}",
				"mobileNumber": "{$.PrincipalList[index].PersonalDetails.ContactNo}"
			},
			"personalInfo": {
				"dateOfBirth": "{$.PrincipalList[index].PersonalDetails.DateOfBirth}",
				"gender": "{$.PrincipalList[index].PersonalDetails.Gender}",
				"maritalStatus": "{$.PrincipalList[index].PersonalDetails.MaritalStatus}",
				"nationality": "{$.PrincipalList[index].PersonalDetails.CountryOfCitizenship}",
				"countryOfBirth": "{$.PrincipalList[index].PersonalDetails.CountryOfBirth}"
			   },
			"addresses": [
				{
					"type": "R",
					"unitNo": "{$.PrincipalList.[index].PersonalDetails.PersonalRegisteredAddress.UnitNo}",
					"street": "{$.PrincipalList.[index].PersonalDetails.PersonalRegisteredAddress.Street}",
					"block": "{$.PrincipalList.[index].PersonalDetails.PersonalRegisteredAddress.Block}",
					"postalCode": "{$.PrincipalList.[index].PersonalDetails.PersonalRegisteredAddress.PostalCode}",
					"floor": "{$.PrincipalList.[index].PersonalDetails.PersonalRegisteredAddress.StoreyNo}",
					"building": "{$.PrincipalList.[index].PersonalDetails.PersonalRegisteredAddress.buildingName}",
					"city": "{$.PrincipalList.[index].PersonalDetails.PersonalRegisteredAddress.AddressFormat}",
					"country": "{$.PrincipalList.[index].PersonalDetails.PersonalRegisteredAddress.Country}",
					"line1": "{$.PrincipalList.[index].PersonalDetails.PersonalRegisteredAddress.AddressLine1}",
					"line2": "{$.PrincipalList.[index].PersonalDetails.PersonalRegisteredAddress.AddressLine2}",
					"line3": "{$.PrincipalList.[index].PersonalDetails.PersonalRegisteredAddress.AddressLine3}",
					"line4": "{$.PrincipalList.[index].PersonalDetails.PersonalRegisteredAddress.AddressLine4}",
					"propertyType": "{$.PrincipalList.[index].PersonalDetails.PersonalRegisteredAddress.AddressFormat}"
				}
			],
			"noaHistory": [
				{
					"_length": "{$.PrincipalList[0].PersonalDetails.IncomeDetails.length()}",
					"amount": "{$.PrincipalList[0].PersonalDetails.IncomeDetails[index].YearlyAssessableIncomeInSGD}",
					"yearOfAssessment": "{$.PrincipalList[0].PersonalDetails.IncomeDetails[index].YearOfAssessment}",
					"employment": "{$.PrincipalList[0].PersonalDetails.IncomeDetails[index].EmploymentIncome}",
					"trade": "{$.PrincipalList[0].PersonalDetails.IncomeDetails[index].TradeIncome}",
					"rent": "{$.PrincipalList[0].PersonalDetails.IncomeDetails[index].RentalIncome}",
					"interest": null,
					"taxClearance": "{$.PrincipalList[0].PersonalDetails.IncomeDetails[index].TaxClearenceIndicator}",
					"category": "{$.PrincipalList[0].PersonalDetails.IncomeDetails[index].Category}"
				}
			]
		}
	]
}