{
	"ApplicationId": null,
	"ProductCode": null,
	"SourceType": "PWEB - MyInfo",
	"ApplicationStatus": null,
	"TrackingCode": null,
	"CompanyDetails": {
		"BasicDetails": {
			"ContactPerson": "{$.entityPerson.person.name.value}",
			"Email": "{$.entityPerson.person.email.value}",
			"ContactNumber": "{$.entityPerson.person.mobileno.prefix},{$.entityPerson.person.mobileno.code},{$.entityPerson.person.mobileno.nbr}"
		},
		"BusinessDetails": {
			"BusinessRegistrationNo": "{$.entityPerson.entity.basic-profile.uen}",
			"RegisteredBusinessName": "{$.entityPerson.entity.basic-profile.entity-name}",
			"EntityType": "{$.entityPerson.entity.basic-profile.entity-type|||{'BN':'{$.entityPerson.entity.basic-profile.business-constitution}'}|||{'S':'B','P':'C'}|||{'LC':'{$.entityPerson.entity.basic-profile.company-type}'}|||{'A1':'F','A3':'F','A4':'E','B1':'D','B2':'D','B3':'E','B4':'E','F1':''}|||{'LL':'P','GS':'A','SS':'A','MC':'A'}|||{'FC':'','LP':'C','PF':'','UF':'','UL':'','RF':'','FB':'','FN':'','FS':'','NB':'','CP':'','DP':'','NR':'','TR':'','FM':'','RP':'','TC':'','GA':'','GB':'','CD':'','CH':'','CL':'','CM':'','CX':'','HS':'','MD':'','MH':'','VH':'','XL':'','TU':'','MM':'','MQ':'','PA':'','PB':'','SM':'','AF':'','CC':'','CS':'','MB':'','EC':''}}",
			"BusinessStatus": "{$.entityPerson.entity.basic-profile.entity-status}",
			"PrimaryBusinessActivity": "{$.entityPerson.entity.basic-profile.primary-activity-desc}",
			"SecondaryBusinessActivity": "{$.entityPerson.entity.basic-profile.secondary-activity-desc}",
			"DateOfIncorporation": "{$.entityPerson.entity.basic-profile.registration-date}",
			"CountryOfIncorporation": "{$.entityPerson.entity.basic-profile.country-of-incorporation|||{'AB':'AY','BL':'BY','BU':'MM','BQ':'XX','CB':'HR','DG':'DE','EN':'EE','CD':'XX','CT':'XX','FQ':'TF','GK':'GG','GO':'GE','KA':'KH','KS':'KG','LH':'LT','MB':'MK','ME':'YT','GZ':'XX','HS':'HK','HV':'XX','MJ':'ME','JT':'XX','MM':'IM','KG':'XX','PB':'PS','RF':'RU','KV':'XX','SF':'CS','TI':'TJ','UR':'UA','MF':'MO','MI':'XX','WM':'WS','YM':'YE','PC':'XX','TE':'TL','WK':'XX','null':'SG'}}",
			"BusinessOwnership": "{$.entityPerson.entity.basic-profile.ownership|||{'1':'Individual Shareholders only','2':'Corporate Entity Shareholders only','3':'Both Individual and Corporate Entity Shareholders'}}",
			"BusinessExpiryDate": "{$.entityPerson.entity.basic-profile.business-expiry-date}",
			"CompanyAddressList": [
				{
					"_length": "{$.entityPerson.entity.addresses.length()}",
					"_condition": "{$.entityPerson.entity.addresses[index][?(@.address-sg)]}",
					"AddressType": "R",
					"AddressFormat": null,
					"Block": "{$.entityPerson.entity.addresses[index].address-sg.block}",
					"StreetName": "{$.entityPerson.entity.addresses[index].address-sg.street}",
					"Floor": "{$.entityPerson.entity.addresses[index].address-sg.floor}",
					"UnitNo": "{$.entityPerson.entity.addresses[index].address-sg.unit}",
					"PostalCode": "{$.entityPerson.entity.addresses[index].address-sg.postal}",
					"BuildingName": "{$.entityPerson.entity.addresses[index].address-sg.building}",
					"IsSameAsRegisteredAddress": false,
					"AddressLine1": null,
					"AddressLine2": null,
					"AddressLine3": null,
					"AddressLine4": null,
					"City": null,
					"Country": "{$.entityPerson.entity.addresses[index].address-sg.country|||{'AB':'AY','BL':'BY','BU':'MM','BQ':'XX','CB':'HR','DG':'DE','EN':'EE','CD':'XX','CT':'XX','FQ':'TF','GK':'GG','GO':'GE','KA':'KH','KS':'KG','LH':'LT','MB':'MK','ME':'YT','GZ':'XX','HS':'HK','HV':'XX','MJ':'ME','JT':'XX','MM':'IM','KG':'XX','PB':'PS','RF':'RU','KV':'XX','SF':'CS','TI':'TJ','UR':'UA','MF':'MO','MI':'XX','WM':'WS','YM':'YE','PC':'XX','TE':'TL','WK':'XX'}}"
				},
				{
					"_length": "{$.entityPerson.entity.addresses.length()}",
					"_condition": "{$.entityPerson.entity.addresses[index][?(@.address-unformatted)]}",
					"AddressType": "R",
					"AddressFormat": "F",
					"Block": null,
					"StreetName": null,
					"Floor": null,
					"UnitNo": null,
					"PostalCode": null,
					"BuildingName": null,
					"IsSameAsRegisteredAddress": false,
					"AddressLine1": "{$.entityPerson.entity.addresses[index].address-unformatted.line1}",
					"AddressLine2": "{$.entityPerson.entity.addresses[index].address-unformatted.line2}",
					"AddressLine3": null,
					"AddressLine4": null,
					"City": null,
					"Country": "{$.entityPerson.entity.addresses[index].address-unformatted.country|||{'AB':'AY','BL':'BY','BU':'MM','BQ':'XX','CB':'HR','DG':'DE','EN':'EE','CD':'XX','CT':'XX','FQ':'TF','GK':'GG','GO':'GE','KA':'KH','KS':'KG','LH':'LT','MB':'MK','ME':'YT','GZ':'XX','HS':'HK','HV':'XX','MJ':'ME','JT':'XX','MM':'IM','KG':'XX','PB':'PS','RF':'RU','KV':'XX','SF':'CS','TI':'TJ','UR':'UA','MF':'MO','MI':'XX','WM':'WS','YM':'YE','PC':'XX','TE':'TL','WK':'XX'}}"
				}
			]
		},
		"EntityDetails": {
			"PreviousBusinessDetails": [
				{
					"_length": "{$.entityPerson.entity.previous-uens.length()}",
					"BusinessRegistrationNo": "{$.entityPerson.entity.previous-uens[index].previous-uen}",
					"CompanyName": "{$.entityPerson.entity.previous-names[index].history-name}",
					"EffectiveDate": "{$.entityPerson.entity.previous-names[index].history-name-effective-date}"
				}
			],
			"BusinessCapitalDetails": [
				{
					"_length": "{$.entityPerson.entity.capitals.length()}",
					"_condition": "{$.entityPerson.entity.capitals[index].issued-capital-amount}",
					"BusinessType": "{$.entityPerson.entity.capitals[index].capital-type|||{'1':'Ordinary Capital','2':'Preference Capital','3':'Others Capital','T':'Treasury Shares','A':'Authorised Capital (Only for Foreign Companies)'}}",
					"SharedAllottedAmount": "{$.entityPerson.entity.capitals[index].share-allotted-amount}",
					"Category": "Issued",
					"CapitalAmount": "{$.entityPerson.entity.capitals[index].issued-capital-amount}",
					"Currency": "{$.entityPerson.entity.capitals[index].currency}"
				},
				{
					"_length": "{$.entityPerson.entity.capitals.length()}",
					"_condition": "{$.entityPerson.entity.capitals[index].paid-up-capital-amount}",
					"BusinessType": "{$.entityPerson.entity.capitals[index].capital-type|||{'1':'Ordinary Capital','2':'Preference Capital','3':'Others Capital','T':'Treasury Shares','A':'Authorised Capital (Only for Foreign Companies)'}}",
					"SharedAllottedAmount": "{$.entityPerson.entity.capitals[index].share-allotted-amount}",
					"Category": "Paidup",
					"CapitalAmount": "{$.entityPerson.entity.capitals[index].paid-up-capital-amount}",
					"Currency": "{$.entityPerson.entity.capitals[index].currency}"
				}
			],
			"FinancialDetails": [
				{
					"_length": "{$.entityPerson.entity.financials.length()}",
					"FYStartDate": "{$.entityPerson.entity.financials[index].current-period-start-date}",
					"FYEndDate": "{$.entityPerson.entity.financials[index].current-period-end-date}",
					"IsAudited": "{$.entityPerson.entity.financials[index].is-audited}",
					"BusinessRevenue": "{$.entityPerson.entity.financials[index].company-revenue|||{'null':0}}",
					"BusinessProfitLossBeforeTax": "{$.entityPerson.entity.financials[index].company-profit-loss-before-tax|||{'null':0}}",
					"BusinessProfitLossAfterTax": "{$.entityPerson.entity.financials[index].company-profit-loss-after-tax|||{'null':0}}",
					"GroupRevenue": "{$.entityPerson.entity.financials[index].group-revenue|||{'null':0}}",
					"GroupCapitalPaidUpCapitalAmount": "{$.entityPerson.entity.financials[index].group-capital-paid-up-capital-amount|||{'null':0}}",
					"GroupProfitLossBeforeTax": "{$.entityPerson.entity.financials[index].group-profit-loss-before-tax|||{'null':0}}",
					"Currency": "{$.entityPerson.entity.financials[index].currency}",
					"GroupProfitLossAfterTax": "{$.entityPerson.entity.financials[index].group-profit-loss-after-tax|||{'null':0}}"
				}
			],
			"Grants": [
				{
					"_length": "{$.entityPerson.entity.grants.length()}",
					"GrantsType": "{$.entityPerson.entity.grants[index].grant-type|||{'MA':'Marketing Assistance','MRA':'Market Readiness Assistance','GCP':'Global Company Partnership','AIP':'CDG Product Development (AIP)','CDG':'Capability Development Grant','BIF':'Business Improvement Fund','BIM':'Building Information Model (BIM)','WOGPG':'WOG Productivity Grant','PSG':'Productivity Solutions Grant'}}",
					"Status": "{$.entityPerson.entity.grants[index].grant-status|||{'10':'Approved','11':'Rejected by Agency','12':'Withdrawn by Agency','13':'Processing','20':'Cancelled','21':'Accepted','22':'Rejected by Applicant','30':'Submitted','31':'Pending Re-submission','32':'Rerouted'}}",
					"FunctionalArea": "{$.entityPerson.entity.grants[index].functional-area|||{'MRA':'Market Readiness Assistance','GCP':'Global Company Partnership','EVP':'Events Participation','ITS':'IT Software','ATE':'Automation/Equipment','BMF':'Branding & Marketing','FNM':'Financial Management','HCD':'Human Capital Development','CTE':'Customer Experience','SBE':'Standards & Business Excellence','PSD':'Product & Strategy Development','PRD':'Process Redesign','PRS':'Productivity Solutions Grant'}}",
					"DevelopmentCategory": "{$.entityPerson.entity.grants[index].development-category|||{'IE':'International Expansion','CD':'Capability Development','TG':'Training Grant'}}",
					"Amount": "{$.entityPerson.entity.grants[index].approved-amount|||{'null':0}}",
					"SubmittedDate": "{$.entityPerson.entity.grants[index].submitted-date}",
					"LastUpdatedDate": "{$.entityPerson.entity.grants[index].last-updated-date}"
				}
			]
		}
	},
	"PrincipalList": [
		{
		     "_length": 1,
			"PersonalDetails": {
				"IsMainApplicant": true,
				"Type": "Individual",
				"Name": "{$.entityPerson.person.name.value}",
				"Email": "{$.entityPerson.person.email.value}",
				"ContactNo": "{$.entityPerson.person.mobileno.prefix},{$.entityPerson.person.mobileno.code},{$.entityPerson.person.mobileno.nbr}",
				"Alias": "{$.entityPerson.person.aliasname.value}",
				"HanYuPinYinName": "{$.entityPerson.person.hanyupinyinname.value}",
				"HanYuPinYinAliasName": "{$.entityPerson.person.hanyupinyinaliasname.value}",
				"MarriedName": "{$.entityPerson.person.marriedname.value}",
				"IdType": "{[?($.uinfin =~ /^[S|T].*/i)].uinfin|||{'{$.uinfin}':'NRIC','null':'FN'}}",
				"IdNo": "{$.uinfin}",
				"Gender": "{$.entityPerson.person.sex.value}",
				"MaritalStatus": "{$.entityPerson.person.marital.value|||{'1':'S','2':'M','3':'W','5':'D'}}",
				"DateOfBirth": "{$.entityPerson.person.dob.value}",
				"CountryOfBirth": "{$.entityPerson.person.birthcountry.value|||{'AB':'AY','BL':'BY','BU':'MM','BQ':'XX','CB':'HR','DG':'DE','EN':'EE','CD':'XX','CT':'XX','FQ':'TF','GK':'GG','GO':'GE','KA':'KH','KS':'KG','LH':'LT','MB':'MK','ME':'YT','GZ':'XX','HS':'HK','HV':'XX','MJ':'ME','JT':'XX','MM':'IM','KG':'XX','PB':'PS','RF':'RU','KV':'XX','SF':'CS','TI':'TJ','UR':'UA','MF':'MO','MI':'XX','WM':'WS','YM':'YE','PC':'XX','TE':'TL','WK':'XX','CN':'CN'}}",
				"CountryOfCitizenship": "{$.entityPerson.person.nationality.value|||{'AB':'AY','BL':'BY','BU':'MM','BQ':'XX','CB':'HR','DG':'DE','EN':'EE','CD':'XX','CT':'XX','FQ':'TF','GK':'GG','GO':'GE','KA':'KH','KS':'KG','LH':'LT','MB':'MK','ME':'YT','GZ':'XX','HS':'HK','HV':'XX','MJ':'ME','JT':'XX','MM':'IM','KG':'XX','PB':'PS','RF':'RU','KV':'XX','SF':'CS','TI':'TJ','UR':'UA','MF':'MO','MI':'XX','WM':'WS','YM':'YE','PC':'XX','TE':'TL','WK':'XX','CN':'CN'}}",
				"PermanentResident": "{$.entityPerson.person.residentialstatus.value|||{'P':true,'C':false,'A':false,'U':false,'N':false}}",
				"ResidentialStatus": "{$.entityPerson.person.residentialstatus.value}",
				"Category": "{$.entityPerson.entity.shareholders[?(@.person-reference.idno == $.uinfin)].category}",
				"Currency": "{$.entityPerson.entity.shareholders[?(@.person-reference.idno == $.uinfin)].currency}",
				"ShareType": "{$.entityPerson.entity.shareholders[?(@.person-reference.idno == $.uinfin)].share-type}",
				"ShareholderPercentage": null,
				"Allocation": "{$.entityPerson.entity.shareholders[?(@.person-reference.idno == $.uinfin)].allocation}",
				"AppointmentDate": "{$.entityPerson.entity.appointments[?(@.person-reference.idno == $.uinfin)].appointment-date}",
				"OnlineCBSConsentDate": null,
				"Positions": [
					{
						"_length": "{$.entityPerson.entity.appointments.length()}",
						"_condition": "{$.entityPerson.entity.appointments[index][?(@.person-reference.idno == $.uinfin)]}",
						"PositionType": "{$.entityPerson.entity.appointments[index].position-code|||{'1':'O','2':'O','3':'O','4':'O','5':'O','6':'D','7':'D','8':'D','9':'O','10':'O','11':'P','12':'P','13':'P','14':'P','15':'{$.entityPerson.entity.basic-profile.business-constitution}','16':'D','17':'O','18':'O','19':'O','20':'O','21':'{$.entityPerson.entity.basic-profile.company-type}','22':'{$.entityPerson.entity.basic-profile.business-constitution}','23':'P','24':'P','25':'P','26':'P','27':'P','28':'C','29':'{$.entityPerson.entity.basic-profile.business-constitution}','30':'O'}|||{'S':'SP','P':'P'}|||{'A1':'P','A3':'P','A4':'P','B1':'D','B2':'D','B3':'P','B4':'P','F1':'P'}}",
						"ShareholdingPercentage": null,
						"EffectiveShareholding": null,
						"Company": "{$.entityPerson.entity.basic-profile.entity-name}"
					},
					{
						"_length": 1,
						"_condition": "{$.entityPerson.entity.shareholders[?(@.person-reference.idno == $.uinfin)]}",
						"PositionType": "S",
						"ShareholdingPercentage": null,
						"EffectiveShareholding": null,
						"Company": "{$.entityPerson.entity.basic-profile.entity-name}"
					}
				],
				"PersonalRegisteredAddress": {
					"AddressFormat": "{$.entityPerson.person.housingtype.value|||{'131':'H','121':'S','122':'S','123':'S','139':'H','132':'H'}},{$.entityPerson.person.hdbtype.value|||{'111':'H','112':'H','113':'H','114':'H','115':'H','116':'H','118':'H'}}",
					"Block": "{$.entityPerson.person.regadd.block}",
					"Street": "{$.entityPerson.person.regadd.street}",
					"buildingName": "{$.entityPerson.person.regadd.building}",
					"StoreyNo": "{$.entityPerson.person.regadd.floor}",
					"UnitNo": "{$.entityPerson.person.regadd.unit}",
					"Country": "{$.entityPerson.person.regadd.country|||{'AB':'AY','BL':'BY','BU':'MM','BQ':'XX','CB':'HR','DG':'DE','EN':'EE','CD':'XX','CT':'XX','FQ':'TF','GK':'GG','GO':'GE','KA':'KH','KS':'KG','LH':'LT','MB':'MK','ME':'YT','GZ':'XX','HS':'HK','HV':'XX','MJ':'ME','JT':'XX','MM':'IM','KG':'XX','PB':'PS','RF':'RU','KV':'XX','SF':'CS','TI':'TJ','UR':'UA','MF':'MO','MI':'XX','WM':'WS','YM':'YE','PC':'XX','TE':'TL','WK':'XX'}}",
					"PostalCode": "{$.entityPerson.person.regadd.postal}",
					"AddressLine1": null,
					"AddressLine2": null,
					"AddressLine3": null,
					"AddressLine4": null
				},
				"IncomeDetails": [
					{
						"_length": "{$.entityPerson.person.noahistory.list.length()}",
						"YearlyAssessableIncomeInSGD": "{$.entityPerson.person.noahistory.list[index].amount|||{'null':0}}",
						"YearOfAssessment": "{$.entityPerson.person.noahistory.list[index].yearofassessment}",
						"TradeIncome": "{$.entityPerson.person.noahistory.list[index].trade|||{'null':0}}",
						"EmploymentIncome": "{$.entityPerson.person.noahistory.list[index].employment|||{'null':0}}",
						"RentalIncome": "{$.entityPerson.person.noahistory.list[index].rent|||{'null':0}}",
						"Currency": "SGD",
						"Category": "{$.entityPerson.person.noahistory.list[index].category}",
						"TaxClearenceIndicator": "{$.entityPerson.person.noahistory.list[index].taxclearance|||{'Y':true,'N':false}}"
					}
				]
			}
		},
		{
			"_length": "{$.entityPerson.entity.shareholders.length()}",
			"_replace": "PersonalDetails",
			"PersonalDetails": {
				"_condition": "{$.entityPerson.entity.shareholders[index][?(@.person-reference && @.person-reference.idno != $.uinfin && @.person-reference != null)]}",
				"IsMainApplicant": false,
				"Type": "Individual",
				"Name": "{$.entityPerson.entity.shareholders[index].person-reference.person-name}",
				"IdType": "{$.entityPerson.entity.shareholders[index][?(@.person-reference.idno =~ /^[S|T].*/i)].person-reference.idno|||{'{$.entityPerson.entity.shareholders[index].person-reference.idno}':'NRIC','':'FN'}}",
				"IdNo": "{$.entityPerson.entity.shareholders[index].person-reference.idno}",
				"Category": "{$.entityPerson.entity.shareholders[index].category|||{'1':'Individual','2':'Local Company','3':'Foreign Company','4':'Unregistered Local Entity','5':'Limited Liability Partnerships','6':'Unregistered Foreign Entity'}}",
				"Currency": "{$.entityPerson.entity.shareholders[index].currency}",
				"ShareType": "{$.entityPerson.entity.shareholders[index].share-type|||{'1':'Ordinary Capital','2':'Preference Capital','3':'Others Capital','0':'Company Limited by Guarantee Capital'}}",
				"ShareholderPercentage": null,
				"Allocation": "{$.entityPerson.entity.shareholders[index].allocation}",
		        "AppointmentDate": "{$.entityPerson.entity.shareholders[?(@.person-reference.idno == $.uinfin)].appointment-date}",
				"Positions": [
					{
							
						"PositionType": "S",
						"ShareholdingPercentage": null,
						"EffectiveShareholding": null,
						"Company": "{$.entityPerson.entity.basic-profile.entity-name}"
					},
					{
						"PositionType": "G",
						"ShareholdingPercentage": null,
						"EffectiveShareholding": null,
						"Company": null
					}
				],
				"CountryOfBirth": "{$.entityPerson.entity.shareholders[index].person-reference.nationality}",
				"CountryOfCitizenship": "{$.entityPerson.entity.shareholders[index].person-reference.nationality}"
			}
		},
		{
			"_length": "{$.entityPerson.entity.shareholders.length()}",
			"_replace": "PersonalDetails",
			"PersonalDetails": {
				"_condition": "{$.entityPerson.entity.shareholders[index][?(@.entity-reference && @.entity-reference.idno != $.uen && @.entity-reference != null)]}",
				"IsMainApplicant": false,
				"Type": "Non-Individual",
				"Name": "{$.entityPerson.entity.shareholders[index].entity-reference.entity-name}",
				"IdType": "{$.entityPerson.entity.basic-profile.entity-type|||{'BN':'{$.entityPerson.entity.basic-profile.business-constitution}'}|||{'S':'B','P':'C'}|||{'LC':'{$.entityPerson.entity.basic-profile.company-type}'}|||{'A1':'F','A3':'F','A4':'E','B1':'D','B2':'D','B3':'E','B4':'E','F1':''}|||{'LL':'P','GS':'A','SS':'A','MC':'A'}|||{'FC':'','LP':'','PF':'','UF':'','UL':'','RF':'','FB':'','FN':'','FS':'','NB':'','CP':'','DP':'','NR':'','TR':'','FM':'','RP':'','TC':'','GA':'','GB':'','CD':'','CH':'','CL':'','CM':'','CX':'','HS':'','MD':'','MH':'','VH':'','XL':'','TU':'','MM':'','MQ':'','PA':'','PB':'','SM':'','AF':'','CC':'','CS':'','MB':'','EC':''}|||{'D':'RC','E':'RC','F':'RC','B':'RB','C':'RB','P':'RB','A':'RB'}}",
				"IdNo": "{$.entityPerson.entity.shareholders[index].entity-reference.uen}",
				"Category": "{$.entityPerson.entity.shareholders[index].category|||{'1':'Individual','2':'Local Company','3':'Foreign Company','4':'Unregistered Local Entity','5':'Limited Liability Partnerships','6':'Unregistered Foreign Entity'}}",
				"Currency": "{$.entityPerson.entity.shareholders[index].currency}",
				"ShareType": "{$.entityPerson.entity.shareholders[index].share-type|||{'1':'Ordinary Capital','2':'Preference Capital','3':'Others Capital','0':'Company Limited by Guarantee Capital'}}",
				"ShareholderPercentage": null,
				"Allocation": "{$.entityPerson.entity.shareholders[index].allocation}",
				"AppointmentDate": "{$.entityPerson.entity.shareholders[?(@.person-reference.idno == $.uinfin)].appointment-date}",
				"Positions": [
					{
						"_length": "{$.entityPerson.entity.shareholders.length()}",
						"_condition": "{$.entityPerson.entity.shareholders[index][?(@.entity-reference && @.entity-reference.idno != $.uen && @.entity-reference != null)]}",
						"PositionType": "S",
						"ShareholdingPercentage": null,
						"EffectiveShareholding": null,
						"Company": "{$.entityPerson.entity.shareholders[index].entity-reference.entity-name}"
					},
					{
						"PositionType": "G",
						"ShareholdingPercentage": null,
						"EffectiveShareholding": null,
						"Company": null
					}
				],
				"CountryOfBirth": "{$.entityPerson.entity.shareholders[index].person-reference.nationality}",
				"CountryOfCitizenship": "{$.entityPerson.entity.shareholders[index].person-reference.nationality}"
			}
		},
		{
			"_length": "{$.entityPerson.entity.appointments.length()}",
			"_replace": "PersonalDetails",
			"PersonalDetails": {
				"_condition": "{$.entityPerson.entity.appointments[index][?(@.person-reference && @.person-reference.idno != $.uinfin && @.person-reference != null)]}",
				"IsMainApplicant": false,
				"Type": "Individual",
				"Name": "{$.entityPerson.entity.appointments[index].person-reference.person-name}",
				"IdType": "{$.entityPerson.entity.appointments[index][?(@.person-reference.idno =~ /^[S|T].*/i)].person-reference.idno|||{'{$.entityPerson.entity.appointments[index].person-reference.idno}':'NRIC','':'FN'}}",
				"IdNo": "{$.entityPerson.entity.appointments[index].person-reference.idno}",
				"Category": "{$.entityPerson.entity.appointments[index].category|||{'1':'Individual','2':'Local Company','3':'Foreign Company','4':'Unregistered Local Entity','5':'Limited Liability Partnerships','6':'Unregistered Foreign Entity'}}",
				"Currency": "{$.entityPerson.entity.appointments[index].currency}",
				"ShareType": null,
				"ShareholderPercentage": null,
				"Allocation": null,
				"AppointmentDate": "{$.entityPerson.entity.appointments[index].appointment-date}",
				"Positions": [
					{
						"_length": "{$.entityPerson.entity.appointments.length()}",
						"_condition": "{$.entityPerson.entity.appointments[index][?(@.person-reference && @.person-reference.idno != $.uinfin && @.person-reference != null)]}",
						"PositionType": "{$.entityPerson.entity.appointments[index].position-code|||{'1':'O','2':'O','3':'O','4':'O','5':'O','6':'D','7':'D','8':'D','9':'O','10':'O','11':'P','12':'P','13':'P','14':'P','15':'{$.entityPerson.entity.basic-profile.business-constitution}','16':'D','17':'O','18':'O','19':'O','20':'O','21':'{$.entityPerson.entity.basic-profile.company-type}','22':'{$.entityPerson.entity.basic-profile.business-constitution}','23':'P','24':'P','25':'P','26':'P','27':'P','28':'C','29':'{$.entityPerson.entity.basic-profile.business-constitution}','30':'O'}|||{'S':'SP','P':'P'}|||{'A1':'P','A3':'P','A4':'P','B1':'D','B2':'D','B3':'P','B4':'P','F1':'P'}}",
						"ShareholdingPercentage": null,
						"EffectiveShareholding": null,
						"Company": "{$.entityPerson.entity.basic-profile.entity-name}"
					},
					{
						"PositionType": "G",
						"ShareholdingPercentage": null,
						"EffectiveShareholding": null,
						"Company": null
					}
				],
				"CountryOfBirth": "{$.entityPerson.entity.appointments[index].person-reference.nationality}",
				"CountryOfCitizenship": "{$.entityPerson.entity.appointments[index].person-reference.nationality}"
			}
		},
		{
			"_length": "{$.entityPerson.entity.appointments.length()}",
			"_replace": "PersonalDetails",
			"PersonalDetails": {
				"_condition": "{$.entityPerson.entity.appointments[index][?(@.entity-reference && @.entity-reference.idno != $.uen && @.entity-reference != null)]}",
				"IsMainApplicant": false,
				"Type": "Non-Individual",
				"Name": "{$.entityPerson.entity.appointments[index].entity-reference.entity-name}",
				"IdType": "{$.entityPerson.entity.basic-profile.entity-type|||{'BN':'{$.entityPerson.entity.basic-profile.business-constitution}'}|||{'S':'B','P':'C'}|||{'LC':'{$.entityPerson.entity.basic-profile.company-type}'}|||{'A1':'F','A3':'F','A4':'E','B1':'D','B2':'D','B3':'E','B4':'E','F1':''}|||{'LL':'P','GS':'A','SS':'A','MC':'A'}|||{'FC':'','LP':'','PF':'','UF':'','UL':'','RF':'','FB':'','FN':'','FS':'','NB':'','CP':'','DP':'','NR':'','TR':'','FM':'','RP':'','TC':'','GA':'','GB':'','CD':'','CH':'','CL':'','CM':'','CX':'','HS':'','MD':'','MH':'','VH':'','XL':'','TU':'','MM':'','MQ':'','PA':'','PB':'','SM':'','AF':'','CC':'','CS':'','MB':'','EC':''}|||{'D':'RC','E':'RC','F':'RC','B':'RB','C':'RB','P':'RB','A':'RS'}}",
				"IdNo": "{$.entityPerson.entity.appointments[index].entity-reference.uen}",
				"Category": "{$.entityPerson.entity.appointments[index].category|||{'1':'Individual','2':'Local Company','3':'Foreign Company','4':'Unregistered Local Entity','5':'Limited Liability Partnerships','6':'Unregistered Foreign Entity'}}",
				"Currency": "{$.entityPerson.entity.appointments[index].currency}",
				"ShareType": null,
				"ShareholderPercentage": null,
				"Allocation": null,
				"AppointmentDate": "{$.entityPerson.entity.appointments[index].appointment-date}",
				"Positions": [
					{
						"PositionType": "{$.entityPerson.entity.appointments[index].position-code|||{'1':'O','2':'O','3':'O','4':'O','5':'O','6':'D','7':'D','8':'D','9':'O','10':'O','11':'P','12':'P','13':'P','14':'P','15':'{$.entityPerson.entity.basic-profile.business-constitution}','16':'D','17':'O','18':'O','19':'O','20':'O','21':'{$.entityPerson.entity.basic-profile.company-type}','22':'{$.entityPerson.entity.basic-profile.business-constitution}','23':'P','24':'P','25':'P','26':'P','27':'P','28':'C','29':'{$.entityPerson.entity.basic-profile.business-constitution}','30':'O'}|||{'S':'SP','P':'P'}|||{'A1':'P','A3':'P','A4':'P','B1':'D','B2':'D','B3':'P','B4':'P','F1':'P'}}",
						"ShareholdingPercentage": null,
						"EffectiveShareholding": null,
						"Company": "{$.entityPerson.entity.appointments[index].entity-reference.entity-name}"
					},
					{
						"PositionType": "G",
						"ShareholdingPercentage": null,
						"EffectiveShareholding": null,
						"Company": null
					}
				],
				"CountryOfBirth": "{$.entityPerson.entity.appointments[index].person-reference.nationality}",
				"CountryOfCitizenship": "{$.entityPerson.entity.appointments[index].person-reference.nationality}"
			}
		}
	],
	"SupplementaryInfo": [],
	"ApplicationReferenceNumber": null
}