{
	"uen": "S6005051A",
	"uinfin": "S6005051A",
	"entityPerson": {
		"person": {
			"name": {
				"lastupdated": "2018-03-20",
				"source": "1",
				"classification": "C",
				"value": "MR MYINFO A"
			},
			"hanyupinyinname": {
				"lastupdated": "2018-08-23",
				"source": "1",
				"classification": "C",
				"value": ""
			},
			"aliasname": {
				"lastupdated": "2018-03-23",
				"source": "1",
				"classification": "C",
				"value": "MYINFOALIAS E"
			},
			"hanyupinyinaliasname": {
				"lastupdated": "2018-08-23",
				"source": "1",
				"classification": "C",
				"value": "ALIAS HANYUB"
			},
			"marriedname": {
				"lastupdated": "2018-03-20",
				"source": "1",
				"classification": "C",
				"value": "WATTNANASUPAN"
			},
			"sex": {
				"lastupdated": "2018-03-20",
				"source": "1",
				"classification": "C",
				"value": "M"
			},
			"race": {
				"lastupdated": "2018-03-23",
				"source": "1",
				"classification": "C",
				"value": "MY"
			},
			"nationality": {
				"lastupdated": "2018-03-20",
				"source": "1",
				"classification": "C",
				"value": "SG"
			},
			"dob": {
				"lastupdated": "2018-03-20",
				"source": "1",
				"classification": "C",
				"value": "1967-11-13"
			},
			"birthcountry": {
				"lastupdated": "2018-03-23",
				"source": "1",
				"classification": "C",
				"value": "SG"
			},
			"residentialstatus": {
				"lastupdated": "2018-03-23",
				"source": "1",
				"classification": "C",
				"value": "C"
			},
			"regadd": {
				"country": "SG",
				"unit": "367",
				"street": "JURONG EAST STREET 40",
				"lastupdated": "2018-08-23",
				"block": "288A",
				"postal": "601288",
				"source": "1",
				"classification": "C",
				"floor": "08",
				"building": ""
			},
			"housingtype": {
				"lastupdated": "2018-03-21",
				"source": "1",
				"classification": "C",
				"value": "131"
			},
			"hdbtype": {
				"lastupdated": "",
				"source": "1",
				"classification": "C",
				"value": ""
			},
			"ownerprivate": {
				"lastupdated": "2017-04-26",
				"source": "1",
				"classification": "C",
				"value": ""
			},
			"email": {
				"lastupdated": "2018-08-23",
				"source": "4",
				"classification": "C",
				"value": "myinfotesting@gmail.com"
			},
			"mobileno": {
				"lastupdated": "2018-08-23",
				"code": "65",
				"source": "4",
				"classification": "C",
				"prefix": "+",
				"nbr": "97399245"
			},
			"marital": {
				"lastupdated": "2018-03-21",
				"source": "1",
				"classification": "C",
				"value": "2"
			},
			"edulevel": {
				"lastupdated": "2017-10-11",
				"source": "2",
				"classification": "C",
				"value": "8"
			},
			"passportnumber": {
				"lastupdated": "2018-08-23",
				"source": "1",
				"classification": "C",
				"value": "E35463874W"
			},
			"passportexpirydate": {
				"lastupdated": "2018-03-23",
				"source": "1",
				"classification": "C",
				"value": "2020-01-01"
			},
			"workpassstatus": {
				"source": "3",
				"classification": "C",
				"lastupdated": "",
				"value": ""
			},
			"workpassexpirydate": {
				"source": "3",
				"classification": "C",
				"lastupdated": "",
				"value": ""
			},
			"noahistory": {
				"lastupdated": "2018-03-02",
				"source": "1",
				"classification": "C",
				"list": [
					{
						"amount": "5000.31",
						"trade": "0.00",
						"interest": "0.00",
						"taxclearance": "N",
						"yearofassessment": "2017",
						"employment": "0.00",
						"category": "ORIGINAL",
						"rent": "0.00"
					},
					{
						"amount": "0",
						"trade": "0.00",
						"interest": "0.00",
						"taxclearance": "N",
						"yearofassessment": "2015",
						"employment": "0.00",
						"category": "ORIGINAL",
						"rent": "0.00"
					}
				]
			}
		},
		"entity": {
			"basic-profile": {
				"entity-type": "LC",
				"entity-status": "LIVE",
				"primary-activity-desc": "MANUFACTURE OF FURNITURE",
				"entity-name": "Panel Consultancy Limited",
				"registration-date": "2010-07-13",
				"ownership": "1",
				"primary-activity-code": "310",
				"company-type": "B1",
				"country-of-incorporation": "SG",
				"secondary-activity-code": "5612",
				"uen": "T14LP0063A",
				"secondary-activity-desc": "Fast Food Outlets, Food Courts and Food Kiosks",
				"business-constitution": "S"
			},
			"addresses": [
				{
					"standard": "D",
					"address-sg": {
						"country": "SG",
						"unit": "88",
						"street": "Ubi Cresent",
						"block": "10",
						"postal": "408564",
						"floor": "4",
						"building": "Lobby E Ubi Techpark"
					},
					"address-unformatted": {
						"line1": "",
						"line2": "",
						"country": ""
					}
				}
			],
			"appointments": [
				{
					"position-desc": "Director",
					"person-reference": {
						"nationality": "SG",
						"idno": "S6005051A",
						"person-name": "MR MYINFO A"
					},
					"entity-reference": {
						"uen": "S6005051A",
						"entity-name": "TEST COMPANY"
					},
					"appointment-date": "2010-07-13",
					"category": "1",
					"position-code": "7"
				}
			],
			"capitals": [
				{
					"paid-up-capital-amount": "20000",
					"capital-type": "2",
					"issued-capital-amount": 0,
					"currency": "SGD",
					"share-allotted-amount": "20000"
				}
			],
			"shareholders": [
				{
					"allocation": 8000,
					"currency": "SGD",
					"person-reference": {
						"nationality": "SG",
						"idno": "S6005051A",
						"person-name": "MR MYINFO A"
					},
					"category": "1",
					"share-type": "1"
				},
				{
					"allocation": 12000,
					"currency": "SGD",
					"person-reference": {
						"nationality": "SP",
						"idno": "G9912374E",
						"person-name": "TIMOTHY TAN CHENG GUAN"
					},
					"entity-reference": {
						"uen": "S6005051A",
						"entity-name": "TEST COMPANY"
					},
					"category": "1",
					"share-type": "1"
				},
				{
					"allocation": 90000,
					"currency": "SGD",
					"person-reference": null,
					"entity-reference": {
						"uen": "S6005051AA",
						"entity-name": "TEST COMPANY 2"
					},
					"category": "1",
					"share-type": "1"
				}
			],
			"grants": [
				{
					"functional-area": "ATE",
					"submitted-date": "2013-12-04T16:00:00Z",
					"grant-type": "AIP",
					"grant-status": "10",
					"last-updated-date": "2018-03-16T16:00:00Z",
					"approved-amount": 2000,
					"development-category": "IE"
				}
			],
			"financials": [
				{
					"company-profit-loss-before-tax": 10246729,
					"company-revenue": 30000000,
					"current-period-start-date": "2015-01-01",
					"company-profit-loss-after-tax": 7395620,
					"group-capital-paid-up-capital-amount": 10000000,
					"currency": "SGD",
					"group-profit-loss-before-tax": 217493017,
					"group-profit-loss-after-tax": null,
					"current-period-end-date": "2015-12-31",
					"is-audited": true
				}
			],
			"previous-names": [
				{
					"history-name": "Mother Tailor",
					"history-name-effective-date": "1967-04-02"
				}
			],
			"previous-uens": [
				{
					"previous-uen": "T65LP6344U"
				}
			]
		}
	}
}