{
  "msgCode":"BL11",
  "msgSeqNo":"685",
  "date":"20181218",
  "time":"110602",
  "cardNumber":"4265884060000030",
  "cardType":"001846",
  "offerReferenceNo":"0008813eeb",
  "offerDescription":"Offer Test 01",
  "redeemBlockSize":"500.00",
  "redeemBlockValue":"5.00",
  "minRedeemBlock":2,
  "maxRedeemBlock":10,
  "transactionAmount":"102.25",
  "maxRedeemPoints":"5000",
  "maxNbrRedeemBlocks":10,
  "maxRedeemValue":"50",
  "fullRedeemPoints":"3000.00",
  "fullRedeemValue":"25.25",
  "poolId":"UNI",
  "poolDescription":"UNI$",
  "poolBalance":"95000.00",
  "responseCode":"0000"
}