{
  "msgCode": "BL11",
  "msgSeqNo": "00000157",
  "date": "20190308",
  "time": "171806",
  "cardNumber": "3562432010434461",
  "cardType": "103801",
  "offerReferenceNo": "0001208d36",
  "offerDescription": "TEST WITH DECIMAL",
  "redeemBlockSize": "500.50",
  "redeemBlockValue": "1.00",
  "minRedeemBlock": 1,
  "maxRedeemBlock": 5,
  "transactionAmount": "98.55",
  "maxRedeemPoints": "2502.50",
  "maxNbrRedeemBlocks": 5,
  "maxRedeemValue": "5.00",
  "fullRedeemPoints": "0.00",
  "fullRedeemValue": "0.00",
  "poolId": "UNI",
  "poolDescription": "UNI$",
  "poolBalance": "1150000.00",
  "responseCode": "0000"
}