{
	"id": "dfgyuukiloi8956y45tuihgm5yijhtugyijopk",
	"basicInfo": {
		"names": {
			"firstName": "first Name",
			"lastName": "last Name",
			"fullName": "My Full Name",
			"alias": "Alias Name"
		},
		"legalIdType": "IC",
		"legalId": "S1234567D",
		"prIndicator": "Y",
		"emailAddress": "tst@test.com",
		"mobileNumber": "1234567890",
		"homeNumber": "1234567890",
		"residentialStatus": "Y",
		"dateOfBirth": "21/07/1970",
		"currentCity": "ABR",
		"savingAccIndicator": "Y"
	},
	"personalInfo": {
		"gender": "M",
		"maritalStatus": "M",
		"educationLevel": "D",
		"nationality": "SG",
		"placeOfBirth": "SG",
		"mothersMaidenName": "tst",
		"noOfDependants": "2"
	},
	"addresses": [{
		"type": "REG",
		"address1": "TestAddress Line1",
		"address2": "TestAddress Line2",
		"address3": "TestAddress Line3",
		"city": "ABR",
		"province": "province 1",
		"postalCode": "11111",
		"residentialStatus": "RT",
		"lengthOfResidence": "12"
	},
	{
		"type": "RES",
		"address1": "TestAddress Line1",
		"address2": "TestAddress Line2",
		"address3": "TestAddress Line3",
		"city": "ACH",
		"province": "province 2",
		"postalCode": "22222"
	},
	{
		"type": "OFC",
		"address1": "TestAddress Line1",
		"address2": "TestAddress Line2",
		"address3": "TestAddress Line3",
		"city": "ABR",
		"province": "other province",
		"postalCode": "99999",
		"mailingIndicator": "O"
	}],
	"employers": [{
		"type": "C",
		"natureOfEmployment": "SUPSR",
		"jobTitle": "CN",
		"companyName": "abc",
		"industry": "FINAN",
		"lengthOfEmployment": "4",
		"noOfEmployees": "003",
		"entityType": "PR",
		"officeNumber": "1234567890",
		"officeExt": "123",
		"grossMonthlyIncome": "23456789"
	},
	{
		"type": "P",
		"companyName": "Old Company",
		"lengthOfEmployment": "3"
	}]
}
