{
  "isRequire": "is required.",
  "invalidNRIC": "is invalid.",
  "invalidPhone": "is invalid.",
  "invalidMobile": "is invalid.",
  "invalidName": "is invalid.",
  "invalidAddress": "is invalid.",
  "invalidEmail": "is invalid.",
  "invalidDate": "is invalid.",
  "invalidOTP": "is invalid or have expired. Request for a new OTP.",
  "invalidKrisFlyer": "is invalid.",
  "invalidMaxSize": "cannot be more than {size} characters.",
  "invalidMinSize": "must be at least {size} character(s).",
  "invalidSize": "must be more than {size} character(s).",
  "exactSize": "must be {size} character(s).",
  "invalidRange": "must be between {minSize} to {maxSize} characters.",
  "numbersOnly": "can only contains numbers.",
  "minAge": ". You must be minimally {minAge} years old.",
  "maxAge": ". You must not be above {maxAge} years old.",
  "fieldEmpty": "is required.",
  "invalidCharacters": "can only contain letters",
  "onlyAlphanumeric": "can only contain letters and numbers",
  "noSpaceAllowed": "should not have space at the start and end",
  "plMinAmount": "should not be less than {minAmt}",
  "btMinAmount": "should not be less than {minAmt}",
  "t&c": "is required",
  "taxResidencyError": "is required",
  "selectUsResidencyError": "US country should be selected",
  "yearExceeded": " cannot be more than the current date",
  "minMonth": " must be minimally {minMonth} months ",
  "maxMonth": "must not be more than {maxValue} months",
  "numbersandDecimalOnly": "can only contains nummbers with 2 decimal point.",
  "notSame": "can not be same",
  "maxFileSize": "file size cannot exceed 3MB",
  "allowIndonesiaNumber": "only Indonesia (+62) are allowed",
  "formatDate": "must be format {formatDate}",
  "notAllowProceed": "should be a Tier 1 or Tier 2 city",
  "IENotSupport": "Your browser is not supported. Please upgrade to the latest version of Chrome, Edge, Firefox or Safari)",
  "invalidProductId": "This product is not supported"
}