{
  "isRequire": "dibutuhkan.",
  "invalidNRIC": "tidak valid.",
  "invalidPhone": "tidak valid.",
  "invalidMobile": "tidak valid.",
  "invalidName": "tidak valid.",
  "invalidAddress": "tidak valid.",
  "invalidEmail": "tidak valid.",
  "invalidDate": "tidak valid.",
  "invalidOTP": "tidak valid atau sudah tidak berlaku. Ajukan OTP baru.",
  "invalidKrisFlyer": "tidak valid.",
  "invalidMaxSize": "tidak boleh lebih dari {size} karakter.",
  "invalidMinSize": "paling sedikit {size} karakter(s).",
  "invalidSize": "harus lebih dari {size} karakter(s).",
  "exactSize": "harus {size} karakter(s).",
  "invalidRange": "harus diantara {minSize} sampai {maxSize} karakter.",
  "numbersOnly": "hanya boleh terdiri dari angka.",
  "minAge": ". Anda harus berusia minimal {minAge} tahun.",
  "maxAge": ". Anda tidak boleh berusia diatas {maxAge} tahun.",
  "fieldEmpty": "dibutuhkan.",
  "invalidCharacters": "hanya boleh terdiri dari huruf",
  "onlyAlphanumeric": "hanya boleh terdiri dari huruf dan angka",
  "noSpaceAllowed": "idak boleh ada spasi di depan maupun di belakang",
  "plMinAmount": "tidak boleh kurang dari {minAmt}",
  "btMinAmount": "tidak boleh kurang dari {minAmt}",
  "t&c": "dibutuhkan",
  "taxResidencyError": "dibutuhkan",
  "selectUsResidencyError": "negara US harus dipilih",
  "yearExceeded": " tidak boleh lebih dari tanggal sekarang",
  "minMonth": "harus minimum {minMonth} bulan",
  "maxMonth": "tidak boleh lebih dari {maxValue} bulan",
  "numbersandDecimalOnly": "dapat terdiri dari angka dengan 2 digit desimal",
  "notSame": "tidak boleh sama",
  "maxFileSize": "ukuran file tidak boleh lebih dari 3MB",
  "allowIndonesiaNumber": "hanya Indonesia (+62) yang diperbolehkan",
  "formatDate": "harus dalam bentuk format {formatDate}",
  "notAllowProceed": "harus berada dalam kota Tier 1 atau Tier 2",
  "IENotSupport": "Browser Anda tidak didukung. Silakan upgrade ke versi terbaru Chrome, Edge, Firefox, atau Safari",
  "invalidProductId": "Produk ini tidak didukung"
}